Date,Region,Product,Category,Units_Sold,Revenue,Profit
2026-01-05,North,Laptop,Electronics,12,720000,120000
2026-01-12,South,Phone,Electronics,25,500000,75000
2026-01-18,West,Headphones,Accessories,40,120000,36000
2026-01-25,East,Monitor,Electronics,18,270000,54000
2026-02-04,North,Phone,Electronics,30,600000,90000
2026-02-11,South,Laptop,Electronics,10,600000,100000
2026-02-19,West,Keyboard,Accessories,55,110000,33000
2026-02-26,East,Headphones,Accessories,45,135000,40500
2026-03-06,North,Monitor,Electronics,22,330000,66000
2026-03-14,South,Phone,Electronics,28,560000,84000
2026-03-21,West,Laptop,Electronics,8,480000,80000
2026-03-28,East,Keyboard,Accessories,60,120000,36000
2026-04-05,North,Phone,Electronics,26,520000,78000
2026-04-12,South,Monitor,Electronics,15,225000,45000
2026-04-19,West,Headphones,Accessories,50,150000,45000
2026-04-26,East,Laptop,Electronics,7,420000,70000
2026-05-05,North,Keyboard,Accessories,65,130000,39000
2026-05-12,South,Phone,Electronics,24,480000,72000
2026-05-19,West,Monitor,Electronics,16,240000,48000
2026-05-26,East,Headphones,Accessories,48,144000,43200
2026-06-04,North,Laptop,Electronics,11,660000,110000
2026-06-11,South,Keyboard,Accessories,58,116000,34800
2026-06-18,West,Phone,Electronics,20,400000,60000
2026-06-25,East,Monitor,Electronics,17,255000,51000
2026-07-05,North,Phone,Electronics,21,420000,63000
2026-07-12,South,Laptop,Electronics,9,540000,90000
2026-07-19,West,Keyboard,Accessories,52,104000,31200
2026-07-26,East,Headphones,Accessories,46,138000,41400
2026-08-04,North,Monitor,Electronics,19,285000,57000
2026-08-11,South,Phone,Electronics,22,440000,66000
2026-08-18,West,Laptop,Electronics,6,360000,60000
2026-08-25,East,Keyboard,Accessories,57,114000,34200